Customer_ID,Name,Email,Country,Subscription_plan,Sign_up_date,Monthly_rate,Is_Active,Last_login,Support_tickets
1001,Pamela Fischer,michaelharvey@example.com,Congo,Enterprise,2/4/2025,15.65,0,7/19/2025,2
1002,Mary Henry,robertblackwell@example.org,Palestinian Territory,Pro,8/22/2025,23.23,1,12/7/2025,4
1003,William Huerta,wwillis@example.net,American Samoa,Enterprise,2/20/2025,25.58,1,4/22/2025,2
1004,Michelle Gonzalez,lance57@example.com,Chile,Basic,3/21/2025,12.42,1,5/20/2025,3
1005,Adam Lee,brittanyross@example.org,Brunei Darussalam,Pro,11/2/2025,25.95,1,12/10/2025,5
1006,Scott Davis,brucegilbert@example.com,Botswana,Enterprise,2/1/2024,17.41,1,2/9/2025,6
1007,Diane Morris,victoria93@example.net,Bermuda,Basic,8/20/2025,45.72,0,11/19/2025,5
1008,Donna Johnson MD,anneallen@example.org,Gabon,Enterprise,11/5/2024,41.33,1,1/13/2025,6
1009,Shelby Walter,ubrown@example.net,Iceland,Basic,10/9/2025,25.08,0,11/27/2025,6
1010,Mr. Joseph Carpenter,christophertanner@example.com,Iceland,Basic,6/27/2025,40.23,1,11/18/2025,5
1011,Brandon Thomas,charlesferguson@example.net,French Polynesia,Enterprise,8/23/2024,39.36,1,9/13/2025,2
1012,Michael Douglas,tricia72@example.org,Netherlands,Pro,10/31/2024,49.64,0,2/10/2025,10
1013,Antonio Roberson,victoria35@example.net,Samoa,Enterprise,4/26/2025,41.35,0,9/22/2025,2
1014,Raymond Miller,klove@example.com,Kyrgyz Republic,Enterprise,10/12/2024,19,1,2/8/2025,2
1015,Lisa Scott,anthony86@example.com,Ecuador,Enterprise,8/15/2024,35.42,0,12/30/2025,3
1016,Michael Wheeler,turnermichael@example.org,Cyprus,Enterprise,5/14/2024,22.76,1,9/28/2024,2
1017,Mr. Daniel Hardin,gailhartman@example.org,United States of America,Pro,4/1/2024,22.68,1,8/23/2025,10
1018,Hayden Mills,phillipsdonna@example.com,Jordan,Pro,7/31/2025,21.57,0,12/18/2025,3
1019,Katherine Bennett,dsanchez@example.org,Comoros,Basic,12/11/2024,29.37,1,10/2/2025,2
1020,Gwendolyn Martin,yelliott@example.com,Samoa,Pro,1/2/2026,20.45,0,1/4/2026,6
1021,Mrs. Mary Carter,patrick03@example.net,United States of America,Enterprise,9/3/2024,47.11,1,4/15/2025,7
1022,Kimberly Fowler,tiffanymaldonado@example.com,Sierra Leone,Basic,9/27/2024,36.51,1,6/5/2025,8
1023,Tara Maldonado,anthony86@example.com,Ethiopia,Pro,10/2/2025,27.18,1,12/25/2025,3
1024,Luke Hart,annachavez@example.net,Tokelau,Basic,12/18/2024,10.61,1,8/30/2025,6
1025,Jeffrey Beck,lewisemily@example.org,Chile,Enterprise,4/20/2024,45.71,1,12/19/2024,1
1026,Todd Sullivan,tchristensen@example.org,Tanzania,Pro,3/30/2024,43.36,1,8/18/2025,8
1027,Darlene Martin,michaelconner@example.org,Monaco,Pro,5/20/2024,37.27,1,2/23/2025,10
1028,Nicole Kim,jenniferherrera@example.org,Madagascar,Enterprise,2/14/2024,34.9,0,10/22/2024,4
1029,John Mendez,debrawilson@example.net,Isle of Man,Enterprise,5/18/2024,42.95,1,7/13/2024,7
1030,Dana Petersen,ellischris@example.com,Martinique,Pro,10/17/2025,26.18,1,12/13/2025,0
1031,Michael Padilla,sheila86@example.org,French Polynesia,Pro,9/30/2025,13.84,1,10/21/2025,9
1032,Holly Adams,espinozacarrie@example.org,Romania,Enterprise,8/17/2024,24.63,1,1/27/2025,8
1033,Brenda Murphy,moniquerivera@example.org,Bangladesh,Pro,7/9/2025,34.03,1,12/28/2025,0
1034,Carolyn Cruz,jennifer51@example.com,British Indian Ocean Territory (Chagos Archipelago),Pro,6/18/2025,21.78,1,9/23/2025,9
1035,Ethan Bradley,morrisraymond@example.org,Cote d'Ivoire,Basic,6/15/2025,33.88,1,8/14/2025,8
1036,Karl Jones,abarnes@example.com,Morocco,Pro,4/9/2024,42.77,0,6/26/2024,9
1037,Jennifer Hampton,timothyhill@example.org,Algeria,Enterprise,1/22/2025,32.95,1,3/19/2025,7
1038,William Mclaughlin,benjamin72@example.com,Cyprus,Pro,6/19/2024,33.55,0,8/28/2024,8
1039,Timothy Gilbert,christopherstevens@example.org,South Georgia and the South Sandwich Islands,Pro,6/21/2025,45.14,1,7/17/2025,7
1040,Susan Ibarra,kristin55@example.com,Somalia,Enterprise,2/25/2025,41.06,1,10/16/2025,5
1041,Hannah Cervantes,mary26@example.com,Andorra,Enterprise,4/8/2024,25.57,1,7/18/2024,3
1042,Tammy Gonzalez,ericaedwards@example.org,Monaco,Pro,3/14/2024,26.07,0,10/22/2024,2
1043,Breanna Carr,madison11@example.org,Benin,Pro,3/24/2025,15.28,1,12/17/2025,9
1044,Willie Garcia,grantscott@example.org,Brazil,Pro,8/6/2025,14.34,0,1/1/2026,8
1045,Michael Rivera,paulholland@example.com,Bolivia,Pro,8/11/2024,20.39,1,12/28/2025,5
1046,Aaron Miller,swansonwyatt@example.org,Tanzania,Pro,10/31/2025,45.83,1,11/29/2025,9
1047,John Gibbs,robertgriffin@example.com,Sweden,Pro,1/13/2024,26.05,0,9/27/2024,4
1048,Joanna Mcclain,susanjoseph@example.org,Panama,Pro,10/13/2024,26.32,1,10/17/2024,6
1049,Cheyenne Taylor,javier61@example.org,Montenegro,Enterprise,9/27/2024,13.92,1,8/11/2025,3
1050,Charles Olsen,taylormichael@example.org,Guinea,Enterprise,12/5/2025,48.68,1,12/28/2025,3
1051,Emily Shepard,tsmith@example.net,Portugal,Basic,5/14/2024,10.15,0,10/29/2024,5
1052,Diana Bryant,weaverlynn@example.org,Saint Barthelemy,Enterprise,11/23/2025,17.87,1,11/26/2025,1
1053,Daniel Brown,crystal11@example.net,Cote d'Ivoire,Pro,7/11/2025,46.53,1,12/5/2025,6
1054,Gary Williams,smithbobby@example.net,Palau,Pro,2/22/2024,25.42,1,4/21/2024,9
1055,Ryan Ford,contrerasleah@example.org,Faroe Islands,Enterprise,8/17/2025,41.61,1,8/27/2025,0
1056,Grace Hunter,eduardo65@example.net,Lebanon,Pro,5/5/2025,41.31,0,5/20/2025,4
1057,Brian Green,jessica83@example.net,Senegal,Basic,1/17/2024,25.83,1,9/8/2024,1
1058,Cynthia Coleman,vfritz@example.net,United States Minor Outlying Islands,Enterprise,2/25/2024,27.86,1,2/17/2025,0
1059,Emily Lewis,dawn33@example.org,Lithuania,Enterprise,8/1/2025,38.21,1,11/18/2025,3
1060,Linda Rivas,beckygoodwin@example.org,Colombia,Pro,10/10/2025,21.92,0,12/14/2025,5
1061,Benjamin Vargas,wyattjonathan@example.net,Thailand,Basic,11/11/2024,24.38,0,5/9/2025,1
1062,Russell Kirby,harrissarah@example.com,Ghana,Enterprise,7/7/2025,49.17,1,11/1/2025,3
1063,Brandon Bennett,kwright@example.net,Falkland Islands (Malvinas),Basic,10/8/2025,41.72,1,11/15/2025,4
1064,Luke Garcia,ashleyhumphrey@example.org,Malta,Basic,1/24/2024,25.15,0,10/9/2024,5
1065,Steven Hawkins,william40@example.com,Greenland,Basic,2/8/2024,42.85,1,9/9/2024,8
1066,Steven Manning,mayjoshua@example.net,Equatorial Guinea,Basic,4/15/2024,32.11,1,5/4/2024,4
1067,Michele Flores,longjames@example.net,Norfolk Island,Basic,6/16/2024,28.56,0,7/4/2025,1
1068,Mrs. Deanna Graham,kylewoodard@example.net,Antarctica (the territory South of 60 deg S),Basic,8/21/2025,15.09,1,10/5/2025,6
1069,Kristi Mclaughlin,amylewis@example.org,Nepal,Basic,10/25/2025,19.64,1,11/24/2025,6
1070,Matthew Wiggins,hulljames@example.net,Canada,Basic,6/24/2024,40.07,0,12/18/2024,6
1071,Anthony Hebert,jessicavillarreal@example.com,Thailand,Enterprise,9/2/2024,44.39,1,8/6/2025,10
1072,Melanie Thompson,robertsaaron@example.com,Martinique,Basic,8/17/2025,14.69,1,9/12/2025,0
1073,Hector Baxter,shermancrystal@example.net,Turkey,Pro,1/27/2024,24.47,1,10/15/2024,1
1074,Mrs. Mikayla Rios,parsonsdeborah@example.net,Samoa,Enterprise,8/8/2024,18.02,0,11/20/2024,0
1075,John Gonzalez,fsteele@example.com,Syrian Arab Republic,Pro,12/5/2024,48.96,1,11/27/2025,1
1076,Kimberly Johnson,mark93@example.org,Argentina,Pro,3/25/2024,11.11,1,5/6/2025,0
1077,Stephanie Henderson,fordtimothy@example.net,Nigeria,Pro,12/24/2024,25.71,0,12/16/2025,5
1078,Nancy Byrd,rebeccapitts@example.net,Algeria,Enterprise,8/13/2025,37.71,1,11/19/2025,0
1079,Ashley Fleming,brooksjesse@example.org,Greece,Enterprise,9/10/2024,47.05,0,8/23/2025,10
1080,Craig Gonzales,vkelly@example.com,Tunisia,Pro,8/2/2025,43.36,0,12/18/2025,4
1081,Julie Harris,tony81@example.net,Uganda,Basic,1/26/2024,31.31,0,4/13/2025,3
1082,Christine Oconnor,hillcindy@example.org,Tonga,Pro,3/5/2025,18.73,1,10/10/2025,10
1083,Mariah Mason,butlerjennifer@example.com,Guinea,Basic,7/23/2024,45.94,1,11/6/2025,10
1084,Morgan Patterson,ystewart@example.org,Norway,Enterprise,9/3/2024,43.1,1,5/4/2025,4
1085,Katherine Levy,jose76@example.org,Ecuador,Pro,12/17/2024,20.69,0,3/2/2025,1
1086,Tracy Andrews,galvantracy@example.net,Eritrea,Pro,3/5/2025,34.52,1,3/6/2025,10
1087,Joseph Rodriguez,laurenboone@example.net,Chad,Pro,11/27/2025,14.53,1,12/5/2025,9
1088,Daniel Woods,fcalhoun@example.net,Hong Kong,Pro,1/4/2026,17.38,1,1/4/2026,9
1089,Brianna Garrison,thobbs@example.org,Kiribati,Basic,9/27/2025,10.27,1,12/4/2025,0
1090,Andrea Gutierrez,mcdanieljimmy@example.org,Tokelau,Basic,3/9/2024,13.44,0,5/18/2025,3
1091,Amy Knight,holly31@example.com,Turks and Caicos Islands,Basic,11/11/2025,25.29,1,12/24/2025,6
1092,Mary Rivera,gthompson@example.net,Dominica,Enterprise,3/19/2025,37.74,1,11/7/2025,7
1093,Danielle Franklin,hjackson@example.net,Romania,Pro,8/20/2024,45.27,1,11/29/2024,9
1094,Ashley Aguirre,andrealeon@example.net,Tanzania,Pro,10/22/2025,24.21,1,10/26/2025,8
1095,Kayla Velez,heatherware@example.com,Greece,Pro,5/19/2024,25.19,1,6/12/2025,10
1096,Kendra Le,masonluis@example.com,Papua New Guinea,Enterprise,6/1/2025,26.35,1,8/18/2025,4
1097,Nicholas Villanueva,josewoods@example.com,Russian Federation,Enterprise,7/1/2025,15.76,1,12/11/2025,9
1098,Billy Cross,millerlorraine@example.com,South Georgia and the South Sandwich Islands,Basic,1/20/2024,37.19,1,10/21/2024,2
1099,Angela Acosta,ronnie86@example.org,Ghana,Basic,2/20/2024,19.05,1,12/19/2025,5
1100,April Williams,jamesfoster@example.org,Rwanda,Enterprise,4/10/2025,22.86,1,12/9/2025,4
1101,Randy Patterson DDS,fredklein@example.com,Saudi Arabia,Basic,5/9/2025,37.98,1,10/20/2025,3
1102,Scott Harris,bernardtravis@example.net,Pitcairn Islands,Basic,1/3/2025,40.58,1,7/18/2025,10
1103,Monica Crawford,yangalexander@example.org,Mozambique,Basic,2/21/2025,41.7,1,9/18/2025,9
1104,Angel Lopez,angelahuang@example.com,Libyan Arab Jamahiriya,Enterprise,9/3/2024,38.82,0,12/21/2025,8
1105,David Church,matthewingram@example.net,Senegal,Enterprise,8/18/2025,47.23,0,10/27/2025,4
1106,Kyle Miller,rtownsend@example.org,Burkina Faso,Pro,9/25/2025,41.05,0,1/4/2026,6
1107,Thomas Schwartz,hayesjacob@example.org,Lebanon,Pro,5/27/2025,23.49,0,11/7/2025,1
1108,Jessica Powell,mia10@example.net,Montserrat,Enterprise,11/19/2025,11.53,1,12/10/2025,7
1109,Nicole Guzman,cwhite@example.net,Luxembourg,Enterprise,9/6/2024,34.63,1,8/18/2025,5
1110,Kathy Kirby,barbaracarey@example.com,Pakistan,Basic,9/20/2024,16.84,0,12/18/2025,0
1111,Jennifer Gray,christinepierce@example.net,Thailand,Basic,5/14/2024,31.83,0,4/1/2025,0
1112,Kevin Lloyd,lisa79@example.com,Marshall Islands,Basic,9/30/2024,49.03,1,4/28/2025,9
1113,Alan Vasquez,clinton47@example.net,Finland,Enterprise,1/24/2025,44.75,0,12/9/2025,2
1114,Michele Brooks,morrisrodney@example.net,Bulgaria,Enterprise,4/10/2025,28,1,10/5/2025,0
1115,Matthew Lee,fmay@example.com,Zimbabwe,Pro,11/5/2025,27.79,1,12/19/2025,5
1116,Angela Brown,simsedward@example.net,Zimbabwe,Enterprise,12/2/2024,29.27,1,1/4/2026,10
1117,Jordan Hancock,robert55@example.net,Cape Verde,Basic,5/2/2024,21.6,1,11/9/2024,9
1118,Sheila George,mckenzie06@example.net,Bangladesh,Enterprise,6/29/2024,33.9,1,9/13/2024,4
1119,Anthony Garcia,fullermichael@example.com,Venezuela,Enterprise,12/6/2025,29.06,1,12/7/2025,5
1120,Todd Martinez,emmamitchell@example.com,Aruba,Basic,5/24/2024,14.59,1,12/22/2025,2
1121,Amy Mullen,bjenkins@example.net,Grenada,Enterprise,10/1/2025,45,1,10/28/2025,2
1122,Leslie Vargas,elizabethford@example.org,South Africa,Basic,10/16/2024,26.7,0,12/7/2024,6
1123,Ashley Martin,aliciagriffin@example.com,Guinea,Enterprise,9/29/2024,29.53,1,9/9/2025,9
1124,Taylor Anderson,johnsonkristin@example.com,Greenland,Enterprise,9/7/2025,23.73,1,10/18/2025,2
1125,Miss Sharon Evans,erogers@example.com,Antigua and Barbuda,Basic,9/23/2024,22,1,1/25/2025,10
1126,Audrey Taylor,gilbertanthony@example.org,Guatemala,Enterprise,3/29/2024,31.32,1,2/10/2025,6
1127,Evan Phillips,kevin31@example.net,Ireland,Pro,4/19/2025,18.9,1,7/26/2025,8
1128,Patrick Montgomery,garyjones@example.org,French Southern Territories,Basic,6/13/2025,20.09,1,9/18/2025,10
1129,Brooke Smith,perrybrittany@example.org,Nigeria,Pro,5/31/2025,27.08,1,7/11/2025,1
1130,Jaime Landry,jimenezstephanie@example.org,Bolivia,Basic,6/27/2024,49.05,0,1/22/2025,7
1131,Wesley Jackson,lstephens@example.org,Egypt,Enterprise,7/19/2025,47.54,1,10/16/2025,5
1132,Raymond Ferguson,julianpaul@example.net,Armenia,Pro,10/30/2025,11.72,1,11/2/2025,8
1133,Mark Washington,jorgehayes@example.org,Thailand,Pro,2/18/2025,43.01,0,11/4/2025,10
1134,Sarah Bell,oweeks@example.com,New Zealand,Pro,3/30/2024,13.57,0,12/1/2024,4
1135,Jason Mcdaniel,taylor58@example.net,Guinea-Bissau,Pro,2/2/2025,13.56,1,4/10/2025,10
1136,Heidi Robbins,zgeorge@example.net,Guadeloupe,Basic,9/26/2025,17.25,1,12/27/2025,7
1137,Calvin Zhang,whitney04@example.com,Barbados,Basic,3/10/2024,37.39,1,6/9/2024,1
1138,Cynthia Hanson,robertromero@example.org,Pitcairn Islands,Basic,8/4/2024,23.44,1,10/11/2024,7
1139,Michael Kim,catherineschmidt@example.net,Liechtenstein,Enterprise,3/1/2025,12.71,1,5/17/2025,9
1140,Edwin Hill,thomas18@example.org,Papua New Guinea,Basic,1/2/2026,43,0,1/3/2026,4
1141,Travis Garza,sjefferson@example.org,Cocos (Keeling) Islands,Basic,10/25/2025,19.71,0,12/11/2025,9
1142,Nicole Howell,carol65@example.com,Brazil,Basic,2/22/2025,20.3,1,6/28/2025,1
1143,Taylor Martin,jeffreyholmes@example.org,United Arab Emirates,Basic,2/4/2024,15.03,0,7/25/2024,9
1144,Michael Ball,rileygomez@example.org,Mauritius,Basic,7/20/2025,29.63,0,8/8/2025,9
1145,Lauren Brown,huntdesiree@example.net,Ethiopia,Basic,4/30/2024,20.41,0,4/30/2025,4
1146,Derrick Campbell,colton23@example.net,Trinidad and Tobago,Basic,9/28/2024,46.06,1,10/4/2024,9
1147,Patrick George,deborahsavage@example.net,British Indian Ocean Territory (Chagos Archipelago),Pro,3/9/2024,43.82,0,3/10/2025,1
1148,Sharon White,moralesbrandon@example.org,Iceland,Enterprise,1/11/2024,15.64,1,3/11/2025,8
1149,Anthony Bartlett,jennifer35@example.net,Uganda,Basic,6/6/2025,18.75,0,11/23/2025,6
1150,Michelle Alvarez,amy70@example.org,Trinidad and Tobago,Enterprise,10/18/2024,12.18,0,12/18/2024,8
1151,Kara Jackson,alyssa77@example.org,Anguilla,Enterprise,12/21/2024,45.55,1,1/7/2025,10
1152,Kimberly Kelly,tammy07@example.net,Saudi Arabia,Pro,3/13/2025,24.78,1,8/25/2025,1
1153,Samuel Lawrence,kyle38@example.com,Croatia,Basic,9/1/2024,39.56,1,1/28/2025,10
1154,Jonathan Wright,millerjoann@example.com,Cocos (Keeling) Islands,Enterprise,12/20/2025,33.51,0,12/23/2025,6
1155,Dean Lawson,timothy47@example.net,French Polynesia,Basic,10/30/2024,14.33,1,3/21/2025,5
1156,Rodney Leon,katrinajones@example.org,Brazil,Pro,10/30/2025,42.4,0,11/26/2025,0
1157,Kayla Smith,taylormartin@example.net,Heard Island and McDonald Islands,Basic,6/17/2025,45.02,1,7/23/2025,0
1158,Anthony Melendez,kristaunderwood@example.com,New Caledonia,Pro,7/16/2024,39.06,1,4/28/2025,8
1159,Martha Houston,victoria64@example.com,United Kingdom,Enterprise,7/21/2024,48.31,1,3/8/2025,4
1160,Amanda Jackson,bfigueroa@example.net,Iran,Enterprise,3/1/2025,10.52,1,4/24/2025,10
1161,Patricia Anderson,wilsonwilliam@example.com,Gabon,Pro,9/15/2025,20.96,0,10/14/2025,6
1162,Larry Bailey,gibsonemily@example.com,Isle of Man,Pro,9/30/2024,31.02,1,2/12/2025,5
1163,Elizabeth Garrison,diazmichelle@example.net,Svalbard & Jan Mayen Islands,Enterprise,4/29/2024,31.41,0,7/19/2025,6
1164,Melissa Ramirez,martinezcourtney@example.net,Greenland,Enterprise,12/1/2025,17.81,1,12/24/2025,6
1165,Kelly Adams,elizabeth02@example.com,French Southern Territories,Pro,3/25/2025,16.52,1,7/19/2025,10
1166,Vincent Wilcox,hannah21@example.org,Western Sahara,Basic,1/13/2025,39.2,1,2/11/2025,10
1167,Timothy Odonnell,fernandezbrianna@example.net,Kenya,Enterprise,7/30/2024,10.66,0,6/26/2025,8
1168,Claire Zuniga,dale05@example.net,Canada,Pro,3/27/2024,17.56,1,12/7/2025,5
1169,Gregory Brown,djohnson@example.org,Tunisia,Enterprise,4/13/2024,45.24,0,9/12/2025,6
1170,Meghan Baker,tayloremily@example.org,Antarctica (the territory South of 60 deg S),Enterprise,7/26/2024,45.23,0,7/26/2024,10
1171,Kenneth Gallegos,patrickbrian@example.net,Congo,Enterprise,2/20/2025,47.98,1,3/27/2025,4
1172,Michael Mitchell,mary15@example.net,Saint Vincent and the Grenadines,Enterprise,7/15/2025,37.09,1,9/26/2025,8
1173,Angela Caldwell,mckeejamie@example.com,United Arab Emirates,Enterprise,2/10/2025,16.78,1,4/16/2025,1
1174,Kevin Scott,robinsonalicia@example.com,Croatia,Pro,10/10/2024,49.33,1,1/29/2025,10
1175,Jacob Soto,wagnerpreston@example.net,American Samoa,Pro,10/2/2025,30.36,1,11/6/2025,9
1176,Philip Knight,katherine82@example.com,Gibraltar,Pro,3/18/2025,22.97,0,6/12/2025,3
1177,Elizabeth Buck,gonzalezdenise@example.org,Iceland,Pro,10/24/2025,43.86,0,12/4/2025,4
1178,Philip Haynes,oortega@example.com,Liberia,Pro,7/3/2025,12.36,1,8/18/2025,4
1179,Tyler Turner,diane58@example.net,Turks and Caicos Islands,Enterprise,5/22/2025,26.39,1,9/21/2025,5
1180,Cassandra Cochran,fhudson@example.net,Finland,Pro,1/11/2024,36.18,1,7/5/2025,7
1181,Eric Hobbs,richard69@example.com,Cayman Islands,Basic,3/1/2024,28.6,1,2/20/2025,6
1182,Heather Sanchez,millerlinda@example.org,Turkmenistan,Pro,8/28/2025,14.69,1,12/4/2025,3
1183,Brandon Yu,hinesmargaret@example.org,Montenegro,Pro,5/8/2024,27.99,1,8/29/2025,9
1184,Anna Garza,tdixon@example.org,Grenada,Enterprise,6/5/2024,27.05,1,1/28/2025,3
1185,Kimberly Ortiz,scottwilliam@example.org,Micronesia,Pro,8/22/2025,18.75,1,8/30/2025,0
1186,Erica Newman,timothyprince@example.org,Nauru,Pro,6/24/2025,44.88,1,7/14/2025,4
1187,Charles Campbell,jimenezjessica@example.net,Cote d'Ivoire,Pro,12/12/2024,41.72,1,9/6/2025,6
1188,Danielle Tapia,codyramos@example.org,Jamaica,Enterprise,11/6/2024,27.84,1,8/20/2025,9
1189,Christopher Melendez,lutzjames@example.net,Algeria,Enterprise,7/4/2024,27.54,1,11/11/2025,0
1190,Pamela Jones,donna31@example.net,Oman,Enterprise,7/1/2025,25.64,1,10/11/2025,2
1191,Patrick Daniel,mandyzimmerman@example.org,Hong Kong,Enterprise,3/27/2025,33.51,0,7/24/2025,7
1192,Kelly Morris,ryan31@example.org,North Macedonia,Basic,11/7/2025,15.64,1,11/30/2025,1
1193,Nancy Hammond,mhernandez@example.com,Sudan,Basic,12/31/2024,33.22,1,5/31/2025,7
1194,Gregory Santos,martindavid@example.net,Eritrea,Enterprise,10/22/2025,15.05,1,11/23/2025,5
1195,Marissa Levy,echavez@example.org,Azerbaijan,Basic,4/21/2024,13.55,0,9/3/2025,1
1196,Andrew Miller,johnwells@example.com,Malawi,Enterprise,10/3/2025,43.25,1,11/16/2025,2
1197,Kathleen Larsen,mward@example.com,Fiji,Enterprise,8/12/2024,48.35,1,1/12/2025,1
1198,Tina Steele,maria37@example.com,Bulgaria,Pro,9/28/2024,28.51,1,11/22/2024,9
1199,Mike Booker,ugutierrez@example.org,Croatia,Enterprise,3/22/2024,27.51,1,6/28/2025,5
1200,Michael Perez,jackswanson@example.com,Cuba,Basic,4/26/2025,25.57,1,8/3/2025,5
1201,Jacob Smith,vickijohnson@example.com,Bhutan,Enterprise,4/1/2024,10.56,0,11/27/2024,7
1202,John Hogan,mcdonaldtheresa@example.org,Italy,Pro,8/23/2025,41.74,1,11/24/2025,3
1203,Erik Evans,nyoung@example.net,Moldova,Basic,9/27/2025,17.73,1,10/29/2025,0
1204,Kathy Randolph,ramirezmichael@example.net,Equatorial Guinea,Enterprise,11/12/2025,39.03,1,12/1/2025,9
1205,Joshua Moses,kgutierrez@example.org,Falkland Islands (Malvinas),Basic,6/16/2025,37.1,1,12/14/2025,9
1206,Troy Cochran,owensgarrett@example.com,United States Virgin Islands,Pro,3/8/2024,11.58,1,6/18/2025,4
1207,John Barrera,dhopkins@example.com,British Virgin Islands,Enterprise,5/6/2024,43.52,1,7/6/2024,5
1208,Steven Gill,kathymorales@example.org,Albania,Basic,11/7/2024,10.36,0,2/23/2025,10
1209,Natalie Barr,khanjacob@example.net,Portugal,Pro,2/17/2024,27.91,0,10/6/2024,1
1210,Mario Reilly,sherri86@example.org,Thailand,Basic,1/27/2025,48.23,1,8/5/2025,1
1211,Mary Nicholson,richard54@example.com,South Africa,Enterprise,2/28/2024,44.33,0,9/10/2025,3
1212,Lauren Hall,mgriffith@example.net,Niue,Basic,2/6/2024,27.62,1,5/9/2024,1
1213,Christopher Joseph,richardbooth@example.com,Montserrat,Basic,5/26/2024,28.93,0,9/6/2025,10
1214,Bradley Murphy,crodgers@example.net,Venezuela,Enterprise,11/4/2025,35.25,1,11/14/2025,0
1215,Christopher Gutierrez,buchananjeffrey@example.net,Switzerland,Enterprise,12/7/2024,19.62,1,2/13/2025,5
1216,Richard Daniels,anthonychristopher@example.org,Ireland,Enterprise,12/3/2025,36.49,1,12/17/2025,5
1217,Carlos Marshall,brandtjoan@example.net,Benin,Pro,1/4/2026,27.01,1,1/4/2026,4
1218,Christopher Thomas,xharris@example.org,Venezuela,Pro,9/10/2024,25.84,1,6/6/2025,1
1219,Joseph Riley,paulmoses@example.org,Iran,Basic,3/2/2024,16.23,1,8/19/2025,9
1220,Carol Anderson,levinemichelle@example.com,Saint Vincent and the Grenadines,Enterprise,1/5/2025,37.04,1,9/23/2025,6
1221,Teresa Sandoval,cdavis@example.org,Slovenia,Basic,11/10/2024,34.97,0,8/26/2025,5
1222,Melissa Moore,alexisthompson@example.org,Niger,Basic,10/20/2024,40.22,1,12/22/2024,6
1223,John Harper,ashley89@example.com,French Polynesia,Pro,1/4/2025,33.56,0,4/4/2025,6
1224,Kyle Patterson,jasmine93@example.com,Philippines,Basic,6/3/2025,43.13,1,8/10/2025,6
1225,Joshua Washington,petersmark@example.net,Mauritius,Pro,10/31/2024,33.01,1,11/7/2025,6
1226,Jose Williams,irubio@example.org,Morocco,Pro,3/26/2025,42.47,1,5/28/2025,3
1227,Trevor Sanchez,laura14@example.org,Sierra Leone,Basic,9/17/2025,44.34,1,10/17/2025,10
1228,Ms. Nicole Phillips,heather51@example.net,Israel,Enterprise,10/20/2024,40.62,1,11/10/2025,4
1229,Leslie Sparks,olee@example.com,Saint Lucia,Pro,5/7/2024,31.13,1,8/8/2025,0
1230,Bryan Ross,lisagarcia@example.net,Falkland Islands (Malvinas),Pro,10/10/2025,36.54,1,10/14/2025,6
1231,Richard Smith,joelmiller@example.org,Swaziland,Pro,1/22/2024,18.14,1,7/1/2024,0
1232,Michelle Rodriguez,charlesanderson@example.com,Slovenia,Pro,1/28/2024,46.4,0,8/16/2024,9
1233,Leslie Rivera,jessica77@example.org,Fiji,Basic,9/20/2025,29.75,1,10/31/2025,3
1234,David Adkins,rickymeyer@example.org,Thailand,Pro,1/31/2024,41.1,1,8/15/2025,8
1235,Kimberly Johnson,sandershannah@example.com,Finland,Pro,6/17/2025,20.29,1,10/26/2025,0
1236,Michael Knox,stephen67@example.org,Maldives,Basic,3/26/2025,24.47,1,6/7/2025,8
1237,Connie Davis,tiffanysullivan@example.net,Cuba,Pro,6/22/2024,24.47,0,9/22/2024,1
1238,Linda Mcdaniel,cisneroschristopher@example.net,Algeria,Basic,2/4/2024,26.43,0,2/17/2024,0
1239,Robert Jones,aguilarjohn@example.org,Nauru,Basic,9/10/2025,16.51,1,1/4/2026,1
1240,Theresa Brown,hsmith@example.org,French Guiana,Pro,3/4/2025,22.61,1,6/18/2025,2
1241,James West,joshuawalker@example.com,Seychelles,Basic,3/1/2025,10.89,1,8/30/2025,8
1242,Sarah Russell,rhodestimothy@example.org,Kyrgyz Republic,Enterprise,12/10/2024,24.63,0,7/14/2025,0
1243,Justin Gomez,htodd@example.com,Philippines,Pro,1/10/2025,30.9,0,11/14/2025,8
1244,Tara Pierce,asanders@example.net,Guadeloupe,Pro,12/6/2025,48.66,0,1/4/2026,3
1245,Laurie Carter,jbrown@example.com,Montenegro,Pro,11/25/2025,41.5,1,12/1/2025,8
1246,Anne Watson,garyharris@example.org,El Salvador,Basic,10/1/2025,38.75,1,11/24/2025,2
1247,Jordan Williamson,dsmith@example.net,Gibraltar,Pro,12/15/2024,38.13,1,7/24/2025,6
1248,Kelly Freeman,benjamin73@example.org,Heard Island and McDonald Islands,Basic,8/10/2025,30.59,1,10/13/2025,3
1249,Joanna Long,charles64@example.net,Kazakhstan,Enterprise,1/3/2025,43.65,1,10/2/2025,3
1250,Justin Thomas,carolinechaney@example.net,Bangladesh,Basic,5/3/2025,25.98,0,10/4/2025,7
1251,Justin Hodges,lwilliams@example.org,Nepal,Enterprise,10/12/2024,45.02,0,4/29/2025,6
1252,Susan Garcia,imay@example.com,Belarus,Enterprise,2/23/2024,18.73,1,6/17/2025,7
1253,Wendy Ball,pblanchard@example.org,Lithuania,Basic,7/17/2025,45.15,1,9/21/2025,8
1254,Kristin Jones,wtorres@example.net,Cape Verde,Pro,5/16/2025,28.52,0,5/27/2025,2
1255,Pamela Houston,savery@example.com,Guinea,Basic,12/14/2024,42.15,0,7/28/2025,7
1256,Rhonda Brooks,santoscynthia@example.net,Philippines,Basic,4/26/2024,23.78,1,10/9/2025,0
1257,Chris Brown,edward06@example.com,Peru,Enterprise,8/26/2025,27.84,0,11/13/2025,3
1258,Lisa Rose,smithjoyce@example.org,North Macedonia,Basic,4/7/2024,20.93,1,2/5/2025,8
1259,Laura Roth,perezelizabeth@example.com,Brunei Darussalam,Pro,7/13/2024,18.16,1,3/10/2025,7
1260,Christian Cabrera,nicole81@example.org,Guadeloupe,Basic,4/6/2025,17.88,1,12/11/2025,6
1261,Jeremy Hammond,williamskatrina@example.org,Estonia,Enterprise,4/21/2025,16.53,1,6/13/2025,10
1262,John Fleming,andersonwilliam@example.net,United States of America,Basic,1/9/2025,41.85,1,6/11/2025,0
1263,Kyle Baker,lopezjames@example.org,Palestinian Territory,Pro,8/24/2024,27.64,1,4/25/2025,7
1264,Connor Cruz,ybaldwin@example.org,Swaziland,Enterprise,5/26/2025,16.89,0,8/24/2025,8
1265,Bradley Ibarra,bmay@example.net,Ecuador,Enterprise,4/8/2024,28.76,1,4/15/2024,10
1266,Robert Morris,lopezjames@example.net,Greece,Enterprise,5/16/2024,37.73,0,9/24/2024,8
1267,Andrew Finley,rhall@example.com,Thailand,Enterprise,1/1/2026,10.87,1,1/2/2026,6
1268,Karen Gutierrez,jillian98@example.org,Mali,Basic,7/9/2024,17.26,1,3/22/2025,9
1269,Katie Henderson,rodgersanne@example.net,French Guiana,Enterprise,1/10/2024,37.4,1,3/19/2024,0
1270,Kylie Martinez,kimberly63@example.org,Uganda,Pro,2/4/2024,47.99,0,11/11/2025,0
1271,Blake Jimenez,vvelasquez@example.net,Ireland,Pro,8/5/2024,49.04,1,8/2/2025,5
1272,Jordan Greer,jasmine30@example.net,Finland,Basic,3/15/2024,18.48,1,2/16/2025,4
1273,Tommy Ortega,kayla20@example.net,Bouvet Island (Bouvetoya),Enterprise,3/23/2025,35.35,1,10/15/2025,0
1274,Elizabeth Sherman,carolynmartin@example.com,Gambia,Basic,12/11/2024,18.85,0,4/18/2025,8
1275,Rodney Alvarez,traceythomas@example.com,Pitcairn Islands,Enterprise,4/4/2024,37.67,1,7/24/2024,2
1276,Christopher Wood,arnoldapril@example.net,Ukraine,Enterprise,4/15/2024,39.5,1,9/21/2024,3
1277,Jessica Campbell,johnsonjimmy@example.com,Saint Helena,Enterprise,5/28/2024,45.88,0,8/7/2025,2
1278,Cory Garza,cmiller@example.com,Norway,Enterprise,12/1/2024,29.7,1,11/4/2025,0
1279,Elizabeth Rodriguez,fowlershane@example.net,Bhutan,Pro,7/26/2025,16.41,1,11/23/2025,0
1280,Natasha Zamora,dicksonscott@example.net,Angola,Pro,1/19/2025,16.66,0,10/28/2025,3
1281,Marilyn Cantu,qjimenez@example.net,Switzerland,Pro,12/2/2024,42.42,0,3/15/2025,8
1282,Wendy Coleman,morgan01@example.net,Vanuatu,Enterprise,4/15/2024,49.93,1,8/26/2025,9
1283,Steven Pittman,savagebrittany@example.com,Mali,Basic,2/20/2025,10.95,1,2/28/2025,0
1284,John Horton,kimberly70@example.net,Bahrain,Basic,1/7/2024,35.62,1,7/13/2024,6
1285,Jeffrey Carter,francisamber@example.org,Fiji,Pro,7/17/2024,39.34,1,3/31/2025,10
1286,Joseph Williams,jgaines@example.net,Zambia,Basic,5/12/2025,44.19,1,5/25/2025,0
1287,Vanessa Waller,mariavaughn@example.org,Andorra,Basic,6/12/2024,36.5,1,8/18/2025,0
1288,April Reed MD,bhenderson@example.net,Qatar,Enterprise,12/27/2025,44.31,1,12/31/2025,10
1289,Holly Norton,baileybenjamin@example.org,Estonia,Pro,7/12/2024,34.77,1,11/1/2025,1
1290,Sheila Shea,brownsavannah@example.net,Chad,Enterprise,5/15/2024,13.59,0,2/28/2025,4
1291,Joshua Boyer,nathan14@example.org,Reunion,Basic,12/7/2025,43.55,1,1/4/2026,9
1292,Dylan Johnson,jill86@example.net,Micronesia,Pro,4/1/2025,34.27,0,11/12/2025,3
1293,Ashley Sanders,scottturner@example.com,Hong Kong,Enterprise,7/25/2024,14.8,1,11/8/2025,3
1294,Margaret Brown,reedanita@example.com,Holy See (Vatican City State),Enterprise,7/22/2025,25.81,1,12/3/2025,9
1295,Kimberly Meyer,jessicawilliams@example.net,Ethiopia,Basic,8/20/2025,42.06,1,11/14/2025,3
1296,Karen Gray,victor93@example.com,Sri Lanka,Pro,7/24/2025,12.47,0,8/28/2025,0
1297,Jill Hooper,chaynes@example.net,Norway,Basic,4/7/2025,25.1,1,5/21/2025,9
1298,Joseph Huerta,nicolesimpson@example.net,Georgia,Basic,6/18/2024,25.5,0,12/31/2025,9
1299,Paul Mcdowell,amber56@example.net,Cuba,Basic,5/6/2025,25.81,1,7/20/2025,6
1300,Maria Allen,eileen26@example.net,Aruba,Pro,8/9/2025,24.08,1,9/14/2025,1
1301,Andrew Aguirre,pfisher@example.com,United Arab Emirates,Basic,5/25/2025,46.33,1,10/23/2025,4
1302,Nicholas Powell,kimberly15@example.net,Timor-Leste,Enterprise,3/9/2025,40.71,1,10/8/2025,5
1303,Nicole Moore,willisronald@example.com,Palau,Pro,4/17/2024,14.05,1,5/21/2025,7
1304,Megan Cervantes,sarahwade@example.com,Suriname,Basic,1/5/2025,12.52,1,12/9/2025,5
1305,Michael Ballard,brownhenry@example.org,Lesotho,Enterprise,4/21/2024,33.77,1,2/17/2025,5
1306,Amanda Murray,martinezkiara@example.net,Seychelles,Pro,1/13/2025,22.05,1,10/22/2025,10
1307,Cody Taylor,hensleytammy@example.org,Faroe Islands,Basic,11/14/2025,42.22,1,12/6/2025,9
1308,Melinda Walker,shawdiane@example.net,United States Virgin Islands,Pro,4/10/2024,27.72,1,6/8/2025,6
1309,Jeffrey Johnson,hendersonjeffrey@example.com,Antigua and Barbuda,Pro,6/29/2025,27.58,0,12/13/2025,5
1310,Mr. James Miller,cooperemily@example.org,Venezuela,Pro,1/13/2024,30.97,1,7/28/2025,6
1311,Kristin Pope,millsjanet@example.org,Gabon,Pro,6/22/2025,13.77,1,8/31/2025,6
1312,Monica Davis,reiddavid@example.org,Afghanistan,Pro,1/21/2025,46.25,1,4/10/2025,8
1313,Eric Mack,bglenn@example.net,Saint Kitts and Nevis,Enterprise,6/22/2024,37.79,0,3/31/2025,3
1314,Kyle Griffin,hillmarvin@example.net,Croatia,Enterprise,2/16/2024,27.25,1,6/2/2024,0
1315,Alicia Parsons,stacey43@example.com,Argentina,Enterprise,1/22/2025,24.23,0,2/18/2025,0
1316,Robin Morgan,hopkinsjeffrey@example.org,Micronesia,Pro,10/26/2024,15.54,1,1/9/2025,6
1317,Nathan Miles,marvinprice@example.com,Singapore,Basic,8/27/2024,36.57,1,12/21/2024,8
1318,Michael Madden,alexsandoval@example.com,French Southern Territories,Pro,5/6/2024,29.75,0,6/24/2024,2
1319,Zachary Cannon,ncain@example.com,Azerbaijan,Enterprise,3/13/2025,33.63,1,6/10/2025,0
1320,Alisha Howard,rgross@example.net,Saint Pierre and Miquelon,Basic,6/13/2024,38.66,1,12/25/2025,9
1321,Ronald Christensen,brandi10@example.net,Benin,Basic,9/7/2025,32.56,1,9/7/2025,10
1322,Brandon Torres,parkermorgan@example.net,Mali,Basic,5/25/2025,10.9,1,5/28/2025,3
1323,Julia Jackson,nicole29@example.com,Congo,Enterprise,12/8/2024,30.39,0,9/23/2025,8
1324,Lauren Flores,obrown@example.net,Iran,Enterprise,2/1/2025,49.23,0,12/22/2025,4
1325,Jon Perez,hannah70@example.com,United Kingdom,Enterprise,3/29/2025,46.85,0,11/20/2025,1
1326,Tara Sparks,denisebarnes@example.org,Ireland,Basic,2/15/2024,48.57,1,6/11/2024,7
1327,Jonathan Santiago,nmitchell@example.net,French Southern Territories,Enterprise,5/1/2025,21.5,1,10/30/2025,4
1328,Beth Allen,jasoningram@example.com,Eritrea,Enterprise,7/9/2024,20.01,0,11/27/2025,2
1329,Kelly Taylor,joshua14@example.org,Luxembourg,Pro,12/5/2024,15.2,1,2/7/2025,6
1330,April Mcgee,vbell@example.org,Singapore,Enterprise,9/24/2024,41.96,1,4/18/2025,7
1331,Daniel Holder,joemorris@example.net,Jersey,Pro,11/11/2024,21.94,0,6/28/2025,7
1332,William Woods,cynthia77@example.org,Turkey,Enterprise,2/14/2025,29.01,0,12/19/2025,8
1333,Michaela Potter,walkerjames@example.com,Togo,Basic,10/20/2024,39.91,1,12/8/2024,3
1334,Zachary Frederick,jason71@example.com,Micronesia,Pro,1/13/2024,21.53,0,4/14/2025,2
1335,John Small,tammy54@example.net,China,Pro,8/1/2025,14.27,0,12/15/2025,9
1336,Sonya Cox DVM,jenkinsmichael@example.net,Congo,Enterprise,4/6/2024,36.28,1,12/18/2024,1
1337,Kent Stewart,gomezjohnathan@example.com,Portugal,Pro,1/6/2024,43.25,0,5/13/2024,10
1338,Thomas Pratt,thompsondalton@example.com,Saint Lucia,Basic,2/15/2024,30.47,1,3/9/2025,0
1339,Jennifer Curtis,thomascollier@example.org,Senegal,Pro,10/3/2025,30.19,1,12/26/2025,5
1340,Kelly Mccoy,nryan@example.com,Kyrgyz Republic,Enterprise,10/19/2025,21.89,1,12/6/2025,10
1341,Jason Beck,john09@example.net,Russian Federation,Pro,8/25/2024,18.23,1,11/26/2024,6
1342,Gary Sanchez,zacharycooper@example.org,Guinea-Bissau,Enterprise,11/7/2025,25.39,1,11/17/2025,3
1343,Donna Coleman,traci30@example.org,Hungary,Enterprise,2/29/2024,45.15,0,11/25/2025,9
1344,Zachary Reeves,epatel@example.net,United Arab Emirates,Enterprise,3/7/2024,16.15,1,7/23/2024,6
1345,Joseph Bailey,claytonbrandy@example.net,Sierra Leone,Basic,6/3/2025,38.97,0,10/5/2025,1
1346,Michael Howell,sotodenise@example.com,Ukraine,Pro,8/15/2025,18.97,1,9/6/2025,0
1347,Willie Hill,turnerchristopher@example.org,Peru,Enterprise,12/8/2025,31.93,1,12/21/2025,1
1348,Tara Watson PhD,loriallison@example.net,Saint Barthelemy,Basic,11/20/2025,46.56,1,12/6/2025,2
1349,Shelby Weiss,stevensonmichael@example.org,Kyrgyz Republic,Enterprise,7/11/2024,36.29,0,10/20/2024,10
1350,Brenda Moore,hilloscar@example.org,Nepal,Pro,9/8/2025,36.16,0,11/7/2025,4
1351,Christian Li,mhicks@example.com,Nepal,Basic,1/2/2025,46.04,1,12/2/2025,0
1352,Steve Wall,kristina44@example.net,Italy,Enterprise,1/30/2024,37.92,1,1/16/2025,0
1353,Sheri Swanson,willie69@example.com,France,Pro,9/12/2025,36.08,1,12/12/2025,8
1354,Sydney Lee,henrylee@example.org,Mexico,Enterprise,12/19/2024,21.12,1,10/4/2025,6
1355,Doris May,morgan93@example.com,Equatorial Guinea,Enterprise,10/15/2025,31.26,0,11/10/2025,6
1356,Vanessa Kim,vickijohnson@example.org,Antigua and Barbuda,Basic,11/25/2025,20.49,1,12/31/2025,0
1357,Brenda Black,emilyramos@example.org,Iceland,Enterprise,10/20/2024,37.59,1,10/22/2024,8
1358,Brian Fisher,rwheeler@example.com,Zimbabwe,Pro,9/20/2025,42.3,1,9/22/2025,6
1359,Randy Brown,eric51@example.org,Bosnia and Herzegovina,Enterprise,2/3/2024,11.53,0,4/7/2025,3
1360,Scott Rodgers,pearsongregory@example.net,Tajikistan,Enterprise,4/30/2025,20.89,1,11/12/2025,7
1361,Nancy Larson,lori29@example.org,Comoros,Pro,6/28/2025,11.93,0,7/21/2025,7
1362,Jennifer Foster,mckinneysara@example.com,Dominica,Basic,6/12/2025,30.99,1,7/23/2025,0
1363,Cheryl Meyer,vincentpittman@example.com,Monaco,Basic,1/17/2024,33.74,1,12/7/2024,7
1364,James Walton,triciaflores@example.net,Antarctica (the territory South of 60 deg S),Enterprise,7/6/2024,48.89,1,2/21/2025,4
1365,Ryan Goodwin,stephanierubio@example.com,Philippines,Basic,10/8/2025,16.15,1,1/1/2026,10
1366,Marcus Nielsen,bradleydebra@example.org,Spain,Enterprise,10/28/2024,24.28,0,12/9/2024,7
1367,Ian Mcbride,david16@example.org,Ecuador,Basic,8/7/2024,28.65,1,12/24/2025,0
1368,William Stone,keithashley@example.com,Bhutan,Pro,5/10/2025,15.83,0,6/20/2025,8
1369,Jose Rivera,zpitts@example.com,Japan,Enterprise,8/7/2025,42.1,1,12/3/2025,6
1370,Amanda Stafford,joel49@example.net,Ukraine,Basic,1/7/2024,24.79,1,11/4/2025,10
1371,Krista Smith,lisa12@example.com,Korea,Pro,12/7/2025,10.95,0,12/16/2025,0
1372,Anita Mendoza,christopherburns@example.org,Jordan,Pro,9/24/2025,35.89,1,10/10/2025,6
1373,Yesenia Wade,brandy37@example.com,Pitcairn Islands,Enterprise,8/31/2024,25.95,1,7/2/2025,8
1374,Veronica Lowe,kimberlybrown@example.com,France,Basic,9/21/2024,44.63,1,11/19/2024,0
1375,Jamie Lewis,fblanchard@example.net,Argentina,Enterprise,4/28/2025,38.64,1,8/17/2025,0
1376,Erica Galvan,victoria38@example.org,Dominica,Basic,3/26/2024,37.59,0,6/16/2025,6
1377,Christopher Ruiz,cathysanchez@example.org,Cote d'Ivoire,Basic,9/7/2024,30.27,1,11/6/2024,8
1378,Kimberly Lawrence,owalton@example.org,Vietnam,Basic,1/24/2025,46.4,1,6/25/2025,1
1379,Susan Moody,joseph63@example.org,Saint Kitts and Nevis,Pro,9/12/2024,48.18,1,4/1/2025,1
1380,Jonathan Porter,davidkenneth@example.com,Albania,Pro,2/13/2025,39.36,1,6/14/2025,4
1381,Nicole Gutierrez,christopherlane@example.org,Sudan,Pro,10/19/2025,45.53,1,12/20/2025,3
1382,Patrick Hernandez,heather67@example.net,Panama,Pro,11/27/2025,10.99,0,12/11/2025,9
1383,Lisa Aguilar,yolanda67@example.com,Lebanon,Basic,12/21/2024,39.54,1,5/26/2025,5
1384,Joel Cantu,joseph56@example.com,Papua New Guinea,Basic,2/21/2024,42.67,1,8/4/2024,0
1385,Wayne Carney,cwilliams@example.org,Benin,Pro,5/17/2024,42.16,0,8/11/2025,5
1386,Keith Brooks,longjaclyn@example.com,Burundi,Pro,10/5/2024,32.85,0,2/7/2025,8
1387,Ann Watson,greenmichael@example.org,Kiribati,Enterprise,4/1/2025,22.23,0,8/14/2025,1
1388,Chelsea Morgan,howardhendrix@example.com,Cape Verde,Pro,6/8/2025,22.91,1,6/26/2025,10
1389,Anthony Swanson,vcarr@example.org,Marshall Islands,Pro,11/14/2024,25.69,1,6/29/2025,7
1390,James Brown,lynchjason@example.org,Philippines,Basic,5/10/2025,32.63,1,9/3/2025,8
1391,Caroline Flores,rodriguezmatthew@example.com,Bouvet Island (Bouvetoya),Enterprise,3/12/2025,38.72,1,9/30/2025,3
1392,Jose Shah,harriscolleen@example.net,Cyprus,Enterprise,11/25/2024,46.19,0,5/19/2025,3
1393,Robert Davis,troy17@example.com,Malaysia,Pro,1/11/2024,23.43,1,2/21/2024,2
1394,Edward Flores,cervantesjennifer@example.org,New Zealand,Enterprise,5/23/2024,23.97,1,9/27/2024,10
1395,Julie Martinez,kristina39@example.net,Swaziland,Enterprise,7/27/2024,33.96,1,11/3/2025,9
1396,Shelley Scott,newmanjohn@example.net,Korea,Pro,1/25/2024,44.04,0,2/3/2025,7
1397,Shane Howard,morawilliam@example.net,Colombia,Pro,1/12/2024,44.15,1,7/13/2025,9
1398,Steve Whitaker,tanyaross@example.com,Ukraine,Pro,3/27/2024,38.91,1,12/16/2025,0
1399,Eric Richards,michael37@example.com,Austria,Enterprise,8/14/2025,31.42,1,11/14/2025,10
1400,Jeffrey Jones,sandralowe@example.net,Dominica,Basic,4/21/2025,10.74,1,9/28/2025,5
1401,Jimmy Blake,saraedwards@example.com,Cape Verde,Enterprise,5/15/2025,48.9,0,9/24/2025,4
1402,Mr. Matthew Young DDS,burnsjonathan@example.com,Libyan Arab Jamahiriya,Pro,6/11/2024,43.85,0,1/24/2025,9
1403,Paul Martin,johnwillis@example.net,Zambia,Pro,9/7/2024,25.78,1,4/16/2025,3
1404,Sharon Gutierrez,gwhite@example.com,Dominica,Enterprise,12/26/2024,33.8,1,8/1/2025,0
1405,Douglas Howard,natalie92@example.org,South Africa,Pro,12/23/2024,28.67,1,3/2/2025,3
1406,Jessica Edwards,jwalker@example.net,Honduras,Enterprise,3/4/2024,37.14,1,3/4/2025,8
1407,Maria Morgan,mccartyjulian@example.org,United Kingdom,Basic,12/14/2024,32.5,0,7/17/2025,4
1408,Sarah Jones,garciamichelle@example.com,Liechtenstein,Basic,1/23/2025,35.5,1,11/13/2025,6
1409,Wanda Mays,qshannon@example.com,Georgia,Pro,10/18/2025,31.84,1,12/23/2025,1
1410,Edward Thornton,justin07@example.net,Australia,Enterprise,3/18/2024,17.37,1,11/10/2025,10
1411,Claudia Kennedy,victoria08@example.org,United States Virgin Islands,Basic,1/29/2024,37.15,0,6/16/2024,1
1412,Robert Miller,robertsmadeline@example.com,Gabon,Enterprise,2/16/2025,40.96,1,9/27/2025,8
1413,Craig Andersen,stephenjackson@example.org,Brunei Darussalam,Pro,7/12/2024,34.95,1,7/11/2025,5
1414,Sarah Jimenez,colonrichard@example.com,Cayman Islands,Enterprise,4/3/2024,11.53,1,11/23/2024,6
1415,James Kane,upalmer@example.org,Ghana,Pro,6/9/2025,19.14,0,10/21/2025,0
1416,Melissa Carlson,margaret64@example.com,Azerbaijan,Enterprise,11/20/2025,29.67,1,12/1/2025,1
1417,Samuel Elliott,charlesjudith@example.net,Austria,Basic,9/1/2025,10.88,1,11/14/2025,5
1418,Caroline Patrick,greeves@example.net,Pitcairn Islands,Basic,12/3/2024,10.45,0,8/23/2025,9
1419,Mr. Cole Soto,rebecca30@example.org,Sri Lanka,Pro,6/17/2025,12.64,1,12/21/2025,7
1420,Kathryn Jennings,larry97@example.org,Singapore,Enterprise,9/26/2025,38.3,1,11/7/2025,0
1421,Alicia Joseph,amandaking@example.org,Tuvalu,Basic,6/15/2024,48.23,0,8/8/2025,4
1422,Alan Smith,murphytracy@example.net,Latvia,Pro,9/1/2024,42.56,0,8/10/2025,4
1423,Tamara Reid,gonzalezpamela@example.com,Saint Helena,Enterprise,6/15/2024,49.93,1,9/28/2025,6
1424,Eric Taylor,lawrencedaisy@example.net,Ukraine,Enterprise,8/14/2024,10.33,1,10/28/2025,3
1425,Julie Contreras,qblack@example.net,South Africa,Basic,9/2/2024,37.11,1,6/15/2025,4
1426,Alexandra Miller,destinymoore@example.com,United States Virgin Islands,Pro,11/18/2024,35.55,1,8/1/2025,6
1427,Ann Bennett,qstokes@example.org,Belarus,Pro,4/18/2024,16.89,1,4/19/2025,10
1428,Kimberly Carter,kathyhansen@example.org,Jordan,Enterprise,12/12/2024,14.98,1,10/14/2025,0
1429,Felicia Young,nbrowning@example.org,Malaysia,Enterprise,10/7/2025,46.52,1,11/6/2025,8
1430,Jennifer Smith,amber68@example.net,French Southern Territories,Basic,6/30/2025,21.68,1,10/20/2025,9
1431,Crystal Andersen,shernandez@example.com,Anguilla,Pro,5/5/2024,29.9,0,3/29/2025,1
1432,Bradley Young,jane35@example.org,Libyan Arab Jamahiriya,Pro,11/6/2025,10.07,0,1/3/2026,2
1433,Destiny Simon,rodneymack@example.net,Iraq,Pro,8/2/2024,33.96,1,4/27/2025,10
1434,April Wong,christina09@example.com,Brunei Darussalam,Enterprise,5/15/2024,32.04,1,4/18/2025,2
1435,Matthew Hodges,brandonfoley@example.net,Czech Republic,Enterprise,12/2/2025,27.24,1,12/7/2025,2
1436,Jeffrey Taylor,brownlee@example.net,Mongolia,Pro,7/9/2024,22.9,1,8/26/2024,7
1437,Cheryl Bridges,romerobrian@example.com,Bhutan,Basic,10/10/2024,11.07,1,7/15/2025,8
1438,Christopher Mays,pamelarodriguez@example.com,Algeria,Pro,10/20/2025,22.67,1,11/3/2025,7
1439,Heather Jacobs,lauren75@example.org,Gabon,Enterprise,11/2/2025,38.57,1,12/12/2025,0
1440,Kevin Alexander,summersrichard@example.net,Turks and Caicos Islands,Pro,3/8/2025,43.9,0,11/7/2025,6
1441,Kevin Mendoza,sjones@example.com,Andorra,Pro,3/2/2025,21.77,1,10/19/2025,7
1442,Rebecca Rodriguez,judy18@example.org,Pakistan,Pro,2/24/2024,18.05,0,9/25/2025,3
1443,Sharon Green,rogersamber@example.org,Djibouti,Basic,10/26/2025,15.05,1,11/17/2025,0
1444,Rebecca King,james44@example.com,Lithuania,Basic,12/31/2025,39.57,1,1/3/2026,9
1445,Trevor Brown,nicholaswilliams@example.net,Pitcairn Islands,Basic,2/21/2024,38.57,1,6/9/2024,8
1446,Jerry Wright,taylorjeremy@example.net,Chile,Pro,11/16/2025,18.61,0,12/7/2025,1
1447,Danielle Simpson,richardlowe@example.com,Pitcairn Islands,Pro,12/24/2024,45.31,0,8/1/2025,8
1448,Carolyn Barnes,dbrown@example.org,Nigeria,Enterprise,4/21/2024,20.83,1,3/4/2025,2
1449,Laura Lewis,browntimothy@example.net,Brunei Darussalam,Pro,12/1/2024,21.79,1,1/23/2025,2
1450,Chelsea Lloyd,nlittle@example.com,Thailand,Pro,12/31/2025,12.69,1,1/1/2026,9
1451,Brian Black,bhenry@example.net,United States of America,Pro,2/9/2025,22.76,0,6/10/2025,3
1452,Eric Rose,schneiderheather@example.org,Israel,Pro,2/19/2025,45.77,1,8/31/2025,7
1453,David Gibbs,ubriggs@example.org,Rwanda,Pro,4/16/2025,41.32,1,10/17/2025,5
1454,Jeffrey Barker,jwatson@example.com,Kiribati,Basic,1/5/2024,10.75,0,2/20/2025,7
1455,Gregory Miranda,odomwilliam@example.org,Cambodia,Enterprise,9/24/2025,42.97,1,10/16/2025,10
1456,Mary Herring,thomasedwards@example.net,Japan,Enterprise,6/3/2024,12.74,1,11/26/2024,0
1457,James Sawyer,kleintodd@example.net,Netherlands,Pro,8/16/2025,26.73,0,8/27/2025,1
1458,Victoria Anderson,vnguyen@example.org,Chile,Enterprise,1/27/2024,44.26,1,5/17/2025,0
1459,David Dickson,johnnylopez@example.com,Equatorial Guinea,Pro,4/28/2024,27.95,1,1/2/2026,2
1460,Justin Sims,dianahubbard@example.org,Estonia,Basic,4/2/2024,20.82,1,12/12/2024,3
1461,Carl Williams,qlowery@example.com,Falkland Islands (Malvinas),Pro,7/4/2024,37.13,1,11/4/2025,0
1462,Daniel Robertson,bblankenship@example.com,Costa Rica,Pro,7/20/2025,44.14,1,11/10/2025,6
1463,Joshua Jones,sarahflores@example.net,Paraguay,Enterprise,1/9/2024,12.14,1,11/28/2025,10
1464,Kimberly Little,jasonbrown@example.com,Niue,Enterprise,8/11/2024,24.24,1,8/24/2024,10
1465,Lisa Collins,jenniferharvey@example.net,Lesotho,Basic,1/24/2025,31.41,1,5/27/2025,4
1466,Andrea Williams,handerson@example.org,Dominican Republic,Enterprise,4/10/2025,45.73,1,7/14/2025,3
1467,Joseph James,johnnywyatt@example.net,Nigeria,Pro,11/20/2025,40.35,1,12/27/2025,9
1468,Hailey Barrett,kimberly03@example.org,Germany,Pro,1/23/2025,46.65,1,10/20/2025,7
1469,Jeffrey Cisneros,agreen@example.net,Mongolia,Basic,9/28/2025,22.3,1,12/18/2025,4
1470,Paul Sutton,ruizmatthew@example.org,Bolivia,Basic,6/9/2025,25.31,1,8/14/2025,3
1471,Jennifer Parker,robertjones@example.net,Nigeria,Basic,4/29/2025,31.09,0,11/28/2025,4
1472,Amber Ruiz,hansonjessica@example.com,Russian Federation,Basic,10/10/2025,27.26,1,11/3/2025,6
1473,James Little,gouldrachel@example.com,El Salvador,Basic,8/12/2024,27.46,1,2/11/2025,2
1474,Mr. Jay Krueger,fclark@example.com,Congo,Basic,3/2/2025,41.26,1,9/9/2025,5
1475,Matthew Garrett,dorothybrown@example.net,Bouvet Island (Bouvetoya),Pro,10/18/2025,38.83,0,11/25/2025,6
1476,Cassandra Castillo,chudson@example.net,Sweden,Basic,7/30/2024,17.57,1,8/22/2025,2
1477,Anna Lane,hkey@example.org,Austria,Basic,6/8/2025,38.23,1,11/20/2025,10
1478,Sonya Martin,gregorywells@example.net,Israel,Pro,1/1/2025,14.7,1,11/28/2025,10
1479,Robert Briggs,mroberson@example.com,Sierra Leone,Enterprise,7/11/2025,48.52,1,7/19/2025,1
1480,Mason Wang,matthew17@example.com,Cuba,Pro,9/12/2024,48.25,0,3/10/2025,8
1481,Anthony Phillips,tingram@example.net,Lao People's Democratic Republic,Basic,6/9/2025,11.25,0,11/2/2025,4
1482,Jennifer Johnson,jennifer47@example.net,Netherlands Antilles,Pro,3/23/2025,42.43,0,10/13/2025,4
1483,Patricia Ramirez,allenalison@example.net,Solomon Islands,Basic,9/28/2024,13.39,1,6/16/2025,8
1484,Nicholas Drake,mary95@example.org,Norway,Basic,1/14/2025,46.85,0,5/2/2025,4
1485,Jessica Howell,rossscott@example.org,Ethiopia,Basic,11/27/2025,29.74,1,12/12/2025,3
1486,Kimberly Dickson,baileyhenry@example.org,Estonia,Basic,7/24/2025,24.82,1,12/24/2025,9
1487,Lisa Villegas,tracy89@example.org,Djibouti,Pro,12/27/2025,40.46,1,12/28/2025,7
1488,Diana Brown MD,lindseybobby@example.com,Svalbard & Jan Mayen Islands,Basic,2/18/2024,21.68,1,3/22/2025,10
1489,Rachel Ballard,richardsanchez@example.org,Vietnam,Basic,12/7/2025,39.1,0,12/29/2025,0
1490,Kelly Glenn,hannamichael@example.net,Antarctica (the territory South of 60 deg S),Pro,7/27/2024,26.37,1,10/28/2024,8
1491,Gerald Carpenter,desireeanderson@example.com,Cambodia,Enterprise,5/7/2025,46.86,0,5/11/2025,0
1492,Charles Gardner,vreilly@example.net,Ukraine,Basic,6/12/2025,12.68,1,10/25/2025,1
1493,Brooke Thomas,washingtonashley@example.com,Sweden,Basic,12/23/2025,43.66,1,1/1/2026,1
1494,Jacqueline Hughes,smartin@example.net,Nigeria,Enterprise,9/2/2025,13.89,1,9/12/2025,0
1495,Nicholas Taylor,loribrown@example.net,Nigeria,Pro,7/20/2024,41.34,1,10/23/2025,4
1496,Kelsey Jones,perkinsjonathon@example.org,Barbados,Pro,2/7/2025,23.38,0,4/1/2025,5
1497,Jesus Campos,sholmes@example.org,Samoa,Basic,12/3/2025,48.79,1,12/7/2025,9
1498,Erica Beasley,jenningslouis@example.net,Malawi,Basic,6/23/2024,44.66,1,5/19/2025,7
1499,Sharon Long,emilydavila@example.net,Sudan,Basic,1/26/2024,17.54,0,4/15/2024,7
1500,Scott Cooper,cross@example.com,Canada,Enterprise,12/29/2025,47.63,1,1/2/2026,7
